pre,protocol,h3,hostname,state,ip,port
"HTTP/1.1 404 Not Found
Content-Type: text/html; charset=us-ascii
Server: Microsoft-HTTPAPI/2.0
Date: Wed, 08 Nov 2017 21:38:23 GMT
Connection: close
Content-Length: 315

",tcp,,nat-a07-y-a08-131-178-156-41.mty.itesm.mx,http-simple-new,"131.178.156.41
,
",5985
"HTTP/1.1 404 Not Found
Connection: Keep-Alive
Server: Embedthis-http
ETag: ""0-1000-5845aeda""
Cache-Control: no-cache
Last-Modified: Mon, 05 Dec 2016 18:15:54 GMT
Date: Fri, 10 Nov 2017 08:42:24 GMT
Content-Length: 167
Keep-Alive: timeout=60, max=199

",tcp,,nat-a07-y-a08-131-178-156-41.mty.itesm.mx,http,"131.178.156.41
,
",8080
"HTTP/1.1 401 Unauthorized
Content-Length: 1656
Content-Type: text/html
Server: Microsoft-IIS/6.0
WWW-Authenticate: Negotiate
WWW-Authenticate: NTLM
MicrosoftSharePointTeamServices: 12.0.0.6565
X-Powered-By: ASP.NET
Date: Fri, 24 Nov 2017 02:00:56 GMT

",tcp,Microsoft IIS httpd,mty0005.mty.itesm.mx,http,"131.178.32.28
,
",80
"HTTP/1.1 200 OK
Content-Length: 1433
Content-Type: text/html
Content-Location: http://131.178.32.28:8080/iisstart.htm
Last-Modified: Sat, 22 Feb 2003 00:48:30 GMT
Accept-Ranges: bytes
ETag: ""03251ecdac21:3670b5""
Server: Microsoft-IIS/6.0
MicrosoftOfficeWebServer: 5.0_Pub
X-Powered-By: ASP.NET
Date: Tue, 21 Nov 2017 16:39:26 GMT

",tcp,Microsoft IIS httpd,mty0005.mty.itesm.mx,http,"131.178.32.28
,
",8080
"220 Microsoft FTP Service
530 User anonymous cannot log in.
214-The following  commands are recognized(* ==>'s unimplemented).
   ABOR 
   ACCT 
   ALLO 
   APPE 
   CDUP 
   CWD  
   DELE 
   FEAT 
   HELP 
   LIST 
   MDTM 
   MKD  
   MODE 
   NLST 
   NOOP 
   OPTS 
   PASS 
   PASV 
   PORT 
   PWD  
   QUIT 
   REIN 
   REST 
   RETR 
   RMD  
   RNFR 
   RNTO 
   SITE 
   SIZE 
   SMNT 
   STAT 
   STOR 
   STOU 
   STRU 
   SYST 
   TYPE 
   USER 
   XCUP 
   XCWD 
   XMKD 
   XPWD 
   XRMD 
214  HELP command successful.
530 Please login with USER and PASS.",tcp,Microsoft ftpd,chef.mty.itesm.mx,ftp,"131.178.5.152
,
",21
"HTTP/1.1 200 OK
Date: Tue, 05 Dec 2017 11:47:25 GMT
Server: Apache/2.2.22 (Win32)
Last-Modified: Mon, 17 Jun 2013 17:48:03 GMT
ETag: ""15000000011aa4-19e-4df5d32ca240c""
Accept-Ranges: bytes
Content-Length: 414
Content-Type: text/html

",tcp,Apache httpd,chef.mty.itesm.mx,http,"131.178.5.152
,
",80
"Remote Desktop Protocol
\x03\x00\x00\x0b\x06\xd0\x00\x00\x124\x00",tcp,,chef.mty.itesm.mx,rdp,"131.178.5.152
,
",3389
"HTTP/1.1 200 OK
X-Powered-By: Servlet/3.0
Server: GlassFish Server Open Source Edition 3.0.1
Accept-Ranges: bytes
ETag: W/""145-1349824007485""
Last-Modified: Tue, 09 Oct 2012 23:06:47 GMT
Content-Type: text/html
Content-Length: 145
Date: Wed, 06 Dec 2017 05:20:55 GMT

",tcp,Sun GlassFish Open Source Edition,chef.mty.itesm.mx,http,"131.178.5.152
,
",8080
"HTTP/1.1 404 Not Found
Connection: Keep-Alive
Server: Embedthis-http
ETag: ""0-1000-5845aeda""
Cache-Control: no-cache
Last-Modified: Mon, 05 Dec 2016 18:15:54 GMT
Date: Wed, 06 Dec 2017 13:34:22 GMT
Content-Length: 167
Keep-Alive: timeout=60, max=199

",tcp,,nat-a07-y-a08-131-178-156-148.mty.itesm.mx,http,"131.178.156.148
,
",8080
"HTTP/1.1 200 OK
Content-Type: text/html
Last-Modified: Sun, 30 Aug 2015 20:19:54 GMT
Accept-Ranges: bytes
ETag: ""14d9b53b61e3d01:0""
Server: Microsoft-IIS/8.5
X-Powered-By: ASP.NET
Date: Mon, 04 Dec 2017 06:14:53 GMT
Content-Length: 701

",tcp,Microsoft IIS httpd,2017-12-07T09:52:18.967197,http,"131.178.5.190
,
",80
"HTTP/1.1 200 OK
Content-Type: text/html
Last-Modified: Sun, 30 Aug 2015 20:19:54 GMT
Accept-Ranges: bytes
ETag: ""14d9b53b61e3d01:0""
Server: Microsoft-IIS/8.5
X-Powered-By: ASP.NET
Date: Thu, 07 Dec 2017 09:43:18 GMT
Content-Length: 701

,Certificate:
    Data:
        Version: 3 (0x2)
        Serial Number:
            d5:25:17:aa:04:e9:8b:9c:7f:73
    Signature Algorithm: sha1WithRSAEncryption
        Issuer: CN=BMS-ITESM
        Validity
            Not Before: Jul  1 15:49:15 2016 GMT
            Not After : Dec 31 23:59:59 2039 GMT
        Subject: CN=BMS-ITESM
        Subject Public Key Info:
            Public Key Algorithm: rsaEncryption
                Public-Key: (1024 bit)
                Modulus:
                    00:c6:4f:ea:8f:4d:d4:88:d8:65:6d:15:98:2f:2a:
                    69:36:7d:a2:f4:96:88:a4:9b:0b:6b:f3:31:01:b7:
                    fc:cb:c7:3e:db:98:77:04:ee:d8:cf:1f:94:70:50:
                    fc:e6:59:fa:ba:c1:73:c6:44:ed:37:b4:4f:64:e0:
                    34:9c:84:ea:20:4d:1f:45:17:0d:7d:c1:d3:e7:2d:
                    99:1d:52:20:f3:69:ab:ad:0f:53:3b:3d:6c:a5:e1:
                    a8:e3:a3:a8:41:f5:51:f6:fd:2d:a8:57:6e:63:51:
                    a5:ef:ac:17:21:bf:17:fc:07:81:35:b3:f2:23:e0:
                    be:23:8f:07:59:0c:4e:f7:d3
                Exponent: 65537 (0x10001)
    Signature Algorithm: sha1WithRSAEncryption
         47:d2:60:1e:0f:ab:5e:56:fc:b6:e1:ec:a2:b1:69:00:5a:8a:
         b4:ed:eb:1a:99:d5:9e:08:8f:b0:7a:b3:55:74:89:a9:f1:fb:
         4a:db:fb:08:79:bf:0e:da:2b:36:09:17:7e:c9:7e:4a:d2:de:
         61:97:64:a4:c2:06:59:72:aa:82:ec:14:39:bf:e4:99:f8:39:
         8f:d2:37:72:de:2d:73:37:3f:ca:19:a0:c2:ef:f9:0e:f0:ad:
         60:20:53:e4:ef:bb:84:5f:09:61:0f:f3:01:44:52:6f:fc:e0:
         c5:16:4b:bc:61:a6:62:44:b1:2b:6d:02:4f:d5:5e:29:72:25:
         49:b8
",tcp,Microsoft IIS httpd,2017-12-07T09:52:18.967197,https,"131.178.5.190
,
",443
"HTTP/1.1 200 OK
Content-Type: text/html
Last-Modified: Fri, 24 Jan 2014 21:37:47 GMT
Accept-Ranges: bytes
ETag: ""f29f4c864c19cf1:0""
Server: Microsoft-IIS/7.5
X-Powered-By: ASP.NET
Date: Sat, 02 Dec 2017 05:48:07 GMT
Content-Length: 8240

",tcp,Microsoft IIS httpd,2017-12-02T05:45:10.837662,http,"131.178.6.5
,
",80
"HTTP/1.1 200 OK
Date: Thu, 30 Nov 2017 11:37:24 GMT
Server: Mbedthis-Appweb/2.4.0
Content-type: text/html
Last-modified: Fri, 14 Jan 2011 00:35:08 GMT
ETag: ""0-450d-4d2f9a3c""
Content-length: 17677
Connection: keep-alive
Keep-Alive: timeout=60000, max=100

",tcp,,2017-12-02T05:45:10.837662,http-simple-new,"131.178.6.5
,
",8000
"220 Microsoft FTP Service
230 Anonymous user logged in.
214-The following  commands are recognized(* ==>'s unimplemented).
   ABOR 
   ACCT 
   ALLO 
   APPE 
   CDUP 
   CWD  
   DELE 
   FEAT 
   HELP 
   LIST 
   MDTM 
   MKD  
   MODE 
   NLST 
   NOOP 
   OPTS 
   PASS 
   PASV 
   PORT 
   PWD  
   QUIT 
   REIN 
   REST 
   RETR 
   RMD  
   RNFR 
   RNTO 
   SITE 
   SIZE 
   SMNT 
   STAT 
   STOR 
   STOU 
   STRU 
   SYST 
   TYPE 
   USER 
   XCUP 
   XCWD 
   XMKD 
   XPWD 
   XRMD 
214  HELP command successful.
211-FEAT
    SIZE
    MDTM
211 END",tcp,Microsoft ftpd,relacioncursos.mty.itesm.mx,ftp,"131.178.6.201
,
",21
"HTTP/1.1 200 OK
Content-Length: 1433
Content-Type: text/html
Content-Location: http://131.178.6.201/iisstart.htm
Last-Modified: Fri, 21 Feb 2003 23:48:30 GMT
Accept-Ranges: bytes
ETag: ""09b60bc3dac21:16ff""
Server: Microsoft-IIS/6.0
X-Powered-By: ASP.NET
Date: Mon, 04 Dec 2017 02:32:17 GMT

",tcp,Microsoft IIS httpd,relacioncursos.mty.itesm.mx,http,"131.178.6.201
,
",80
"Remote Desktop Protocol
\x03\x00\x00\x0b\x06\xd0\x00\x00\x124\x00",tcp,,relacioncursos.mty.itesm.mx,rdp,"131.178.6.201
,
",3389
"220 Microsoft FTP Service
530 User anonymous cannot log in.
214-The following  commands are recognized(* ==>'s unimplemented).
   ABOR 
   ACCT 
   ALLO 
   APPE 
   CDUP 
   CWD  
   DELE 
   FEAT 
   HELP 
   LIST 
   MDTM 
   MKD  
   MODE 
   NLST 
   NOOP 
   OPTS 
   PASS 
   PASV 
   PORT 
   PWD  
   QUIT 
   REIN 
   REST 
   RETR 
   RMD  
   RNFR 
   RNTO 
   SITE 
   SIZE 
   SMNT 
   STAT 
   STOR 
   STOU 
   STRU 
   SYST 
   TYPE 
   USER 
   XCUP 
   XCWD 
   XMKD 
   XPWD 
   XRMD 
214  HELP command successful.
530 Please login with USER and PASS.",tcp,Microsoft ftpd,mty101.mty.itesm.mx,ftp,"131.178.6.48
,
,Web Technologies
",21
"HTTP/1.1 200 OK
Content-Type: text/html
Last-Modified: Thu, 01 Aug 2013 16:34:58 GMT
Accept-Ranges: bytes
ETag: ""b1d3a9fd58ece1:0""
Server: Microsoft-IIS/7.0
X-Powered-By: ASP.NET
Date: Tue, 14 Nov 2017 04:07:47 GMT
Content-Length: 7202

",tcp,Microsoft IIS httpd,mty101.mty.itesm.mx,http,"131.178.6.48
,
,Web Technologies
",80
"Remote Desktop Protocol
\x03\x00\x00\x0b\x06\xd0\x00\x00\x124\x00",tcp,,mty101.mty.itesm.mx,rdp,"131.178.6.48
,
,Web Technologies
",3389
"HTTP/1.1 200 OK
Content-Type: text/html
Last-Modified: Tue, 11 Jan 2005 15:27:32 GMT
Accept-Ranges: bytes
ETag: ""a075b111f2f7c41:0""
Server: Microsoft-IIS/7.5
X-Powered-By: ASP.NET
Date: Sun, 19 Nov 2017 13:28:46 GMT
Content-Length: 184

",tcp,Microsoft IIS httpd,expresat.itesm.mx,http,"131.178.5.11
,
",80
"HTTP/1.1 200 OK
Date: Thu, 16 Nov 2017 07:02:09 GMT
Server: Apache/2.2.3 (CentOS)
Last-Modified: Sat, 05 Dec 2009 12:20:37 GMT
ETag: ""310dc8-1646-40746f40""
Accept-Ranges: bytes
Content-Length: 5702
Connection: close
Content-Type: text/html; charset=UTF-8

",tcp,Apache httpd,monitoreomty.mty.itesm.mx,http,"131.178.5.224
,
,Web Technologies
",80
5.0.95,tcp,MySQL,monitoreomty.mty.itesm.mx,mysql,"131.178.5.224
,
,Web Technologies
",3306
"HTTP/1.1 200 OK
Content-Length: 1433
Content-Type: text/html
Content-Location: http://131.178.6.143/iisstart.htm
Last-Modified: Sat, 22 Feb 2003 00:48:30 GMT
Accept-Ranges: bytes
ETag: ""03251ecdac21:1469""
Server: Microsoft-IIS/6.0
X-Powered-By: ASP.NET
Date: Thu, 16 Nov 2017 20:40:54 GMT

",tcp,Microsoft IIS httpd,metasys.mty.itesm.mx,http,"131.178.6.143
,
",80
"Remote Desktop Protocol
\x03\x00\x00\x0b\x06\xd0\x00\x00\x124\x00",tcp,,metasys.mty.itesm.mx,rdp,"131.178.6.143
,
",3389
"HTTP/1.1 200 OK
Server: Microsoft-IIS/5.1
Date: Thu, 16 Nov 2017 21:33:29 GMT
X-Powered-By: ASP.NET
Connection: close
Content-Length: 13
Content-Type: text/html
Set-Cookie: ASPSESSIONIDCATQASTB=EJNJMGNCFGPJHMJECDHPHEFP; path=/
Cache-control: private

",tcp,Microsoft IIS httpd,AS6342,http,"131.178.5.89
",80
"Remote Desktop Protocol
\x03\x00\x00\x0b\x06\xd0\x00\x00\x124\x00",tcp,,AS6342,rdp,"131.178.5.89
",3389
"HTTP/1.1 200 OK
Content-Length: 128
Content-Type: text/html
Content-Location: http://131.178.32.50/default.htm
Last-Modified: Mon, 31 May 2010 22:35:48 GMT
Accept-Ranges: bytes
ETag: ""ce291c9e111cb1:2092""
Server: Microsoft-IIS/6.0
X-Powered-By: ASP.NET
Date: Sat, 25 Nov 2017 11:55:56 GMT

",tcp,Microsoft IIS httpd,dipfmaxi.mty.itesm.mx,http,"131.178.32.50
,
",80
"HTTP/1.1 200 OK
Date: Mon, 20 Nov 2017 22:54:33 GMT
Server: Apache/2.2.17 (Win32) PHP/5.2.10
X-Powered-By: PHP/5.2.10
Content-Length: 184
Connection: close
Content-Type: text/html

",tcp,Apache httpd,reportec.mty.itesm.mx,http,"131.178.32.87
,
",80
"220 Welcome to the Computer Sciences' FTP service.
530 Login incorrect.
530 Please login with USER and PASS.
211-Features:
 EPRT
 EPSV
 MDTM
 PASV
 REST STREAM
 SIZE
 TVFS
 UTF8
211 End",tcp,,cs.mty.itesm.mx,ftp,"131.178.5.34
,
",21
"SSH-2.0-OpenSSH_5.9p1 Debian-5ubuntu1
Key type: ssh-rsa
Key: AAAAB3NzaC1yc2EAAAADAQABAAABAQDcir0Iv9o2oYBPVC5Hv3SlOE8Iit+/EgvZ8POiNnt84mkm
n+J0loW84xMEVqxwPMqO+M7WfRvOs+2G2hiYXF0iHpfU6nmuhtZJtzx2G++BnGBd28QjybkVWuHe
BBRdNvGEA2yyxB9SYfA4CXVlN0z/3EkA4qNyZY3p00bDMB1j2dK2dP/WD5qpaK1JjCALMgVeLYe3
dgvHEXpzOFSj0KdtrA5quAEwZ5mYVNgIqA3BoOJT86oBtV96rNi0snB7AEyZEhZD5sBqAjbsME9n
u/w6UsiGjIhEg9cZJ9BvBTQT1A+u2/F1ebmJeqthKXY8RQDvfurkgTK35dNgb5E78MHd
Fingerprint: 27:2d:4e:d2:cf:73:9d:ed:b5:20:54:1c:d3:69:07:c8

Kex Algorithms:
	ecdh-sha2-nistp256
	ecdh-sha2-nistp384
	ecdh-sha2-nistp521
	diffie-hellman-group-exchange-sha256
	diffie-hellman-group-exchange-sha1
	diffie-hellman-group14-sha1
	diffie-hellman-group1-sha1

Server Host Key Algorithms:
	ssh-rsa
	ssh-dss
	ecdsa-sha2-nistp256

Encryption Algorithms:
	aes128-ctr
	aes192-ctr
	aes256-ctr
	arcfour256
	arcfour128
	aes128-cbc
	3des-cbc
	blowfish-cbc
	cast128-cbc
	aes192-cbc
	aes256-cbc
	arcfour
	,

MAC Algorithms:
	hmac-md5
	hmac-sha1
	,
	hmac-sha2-256
	hmac-sha2-256-96
	hmac-sha2-512
	hmac-sha2-512-96
	hmac-ripemd160
	,
	hmac-sha1-96
	hmac-md5-96

Compression Algorithms:
	none
	,

",tcp,OpenSSH,cs.mty.itesm.mx,ssh,"131.178.5.34
,
",22
"HTTP/1.1 200 OK
Date: Tue, 21 Nov 2017 10:39:19 GMT
Server: Apache/2.2.22 (Ubuntu)
Last-Modified: Tue, 29 May 2012 04:13:16 GMT
ETag: ""3a0a03-d8-4c1250dcc56ef""
Accept-Ranges: bytes
Content-Length: 216
Vary: Accept-Encoding
Content-Type: text/html
X-Pad: avoid browser bug

",tcp,Apache httpd,cs.mty.itesm.mx,http,"131.178.5.34
,
",80
"HTTP/1.1 200 OK
Date: Wed, 06 Dec 2017 16:11:06 GMT
Server: Apache/2.2.22 (Ubuntu)
Last-Modified: Thu, 06 Sep 2012 21:03:32 GMT
ETag: ""6c0272-75c7-4c90ed2e9ab93""
Accept-Ranges: bytes
Content-Length: 30151
Vary: Accept-Encoding
Content-Type: text/html

",tcp,Apache httpd,cs.mty.itesm.mx,http-simple-new,"131.178.5.34
,
",81
5.5.24-0ubuntu0.12.04.1,tcp,MySQL,cs.mty.itesm.mx,mysql,"131.178.5.34
,
",3306
"HTTP/1.1 400 Bad Request
Content-Type: text/html
Date: Thu, 23 Nov 2017 13:19:23 GMT
Connection: close
Content-Length: 39

",tcp,,registro.mty.itesm.mx,http,"131.178.32.8
,
",80
"HTTP/1.1 200 OK
Cache-Control: private
Content-Length: 8772
Content-Type: text/html; charset=utf-8
Server: Microsoft-IIS/8.5
X-AspNet-Version: 2.0.50727
X-Powered-By: ASP.NET
Date: Sat, 02 Dec 2017 17:53:53 GMT

",tcp,Microsoft IIS httpd,AS6342,http,"131.178.5.16
,Web Technologies
",80
"<!DOCTYPE HTML PUBLIC ""-//W3C//DTD HTML 4.01//EN""""http://www.w3.org/TR/html4/strict.dtd"">\r\n<HTML><HEAD><TITLE>Bad Request</TITLE>\r\n<META HTTP-EQUIV=""Content-Type"" Content=""text/html; charset=us-ascii""></HEAD>\r\n<BODY><h2>Bad Request - Invalid URL</h2>\r\n<hr><p>HTTP Error 400. The request URL is invalid.</p>\r\n</BODY></HTML>\r\n",tcp,,AS6342,xtremerat,"131.178.5.16
,Web Technologies
",81
"HTTP/1.1 200 OK
Content-Length: 1433
Content-Type: text/html
Content-Location: http://131.178.5.90/iisstart.htm
Last-Modified: Thu, 24 Mar 2005 22:19:08 GMT
Accept-Ranges: bytes
ETag: ""0d6257fbf30c51:32e2""
Server: Microsoft-IIS/6.0
X-Powered-By: ASP.NET
Date: Sun, 03 Dec 2017 07:23:38 GMT

",tcp,Microsoft IIS httpd,vc.mty.itesm.mx,http,"131.178.5.90
,
",80
"Remote Desktop Protocol
\x03\x00\x00\x0b\x06\xd0\x00\x00\x124\x00",tcp,,vc.mty.itesm.mx,rdp,"131.178.5.90
,
",3389
"HTTP/1.1 200 OK
Date: Mon, 04 Dec 2017 18:24:54 GMT
Server: Apache/2.2.8 (Win32) PHP/5.2.6
Last-Modified: Mon, 24 May 2010 16:19:39 GMT
ETag: ""300000000b99e-3569-48759685d7026""
Accept-Ranges: bytes
Content-Length: 13673
Content-Type: text/html

",tcp,Apache httpd,lem.mty.itesm.mx,http,"131.178.32.34
,
,Web Technologies
",80
"HTTP/1.1 200 OK
Content-Length: 1433
Content-Type: text/html
Content-Location: http://131.178.32.100/iisstart.htm
Last-Modified: Sat, 22 Feb 2003 00:48:30 GMT
Accept-Ranges: bytes
ETag: ""03251ecdac21:ec9""
Server: Microsoft-IIS/6.0
X-Powered-By: ASP.NET
Date: Tue, 05 Dec 2017 07:16:41 GMT

",tcp,Microsoft IIS httpd,registro_graduados.mty.itesm.mx,http,"131.178.32.100
,
",80
"HTTP/1.1 200 OK
Date: Tue, 05 Dec 2017 18:28:03 GMT
Server: Apache
Last-Modified: Wed, 12 Mar 2014 23:54:18 GMT
ETag: ""246-4f4718e04be80""
Accept-Ranges: bytes
Content-Length: 582
Content-Type: text/html

",tcp,Apache httpd,semtech.mty.itesm.mx,http,"131.178.32.142
,
",80
"HTTP/1.1 200 OK
Server: Apache-Coyote/1.1
Accept-Ranges: bytes
ETag: W/""7454-1454350114000""
Last-Modified: Mon, 01 Feb 2016 18:08:34 GMT
Content-Type: text/html
Content-Length: 7454
Date: Thu, 07 Dec 2017 05:06:40 GMT

",tcp,Apache Tomcat/Coyote JSP engine,semtech.mty.itesm.mx,http-simple-new,"131.178.32.142
,
",8080
"SSH-2.0-OpenSSH_7.4p1 Debian-10+deb9u1
Key type: ssh-ed25519
Key: AAAAC3NzaC1lZDI1NTE5AAAAIATj3gVuplxeCtYhGPVn0yqfbwCTDPYdWo2+jlowTmf/
Fingerprint: ff:6f:3c:ba:0a:5b:78:9f:55:58:cd:33:44:ff:7e:3d

Kex Algorithms:
	curve25519-sha256
	,
	ecdh-sha2-nistp256
	ecdh-sha2-nistp384
	ecdh-sha2-nistp521
	diffie-hellman-group-exchange-sha256
	diffie-hellman-group16-sha512
	diffie-hellman-group18-sha512
	diffie-hellman-group14-sha256
	diffie-hellman-group14-sha1

Server Host Key Algorithms:
	ssh-rsa
	rsa-sha2-512
	rsa-sha2-256
	ecdsa-sha2-nistp256
	ssh-ed25519

Encryption Algorithms:
	,
	aes128-ctr
	aes192-ctr
	aes256-ctr
	,
	,

MAC Algorithms:
	,
	,
	,
	,
	,
	,
	,
	hmac-sha2-256
	hmac-sha2-512
	hmac-sha1

Compression Algorithms:
	none
	,

",tcp,OpenSSH,javax.mty.itesm.mx,ssh,"131.178.5.15
,
",22
"HTTP/1.1 200 OK
Date: Wed, 06 Dec 2017 08:56:43 GMT
Server: Apache/2.4.25 (Debian)
Last-Modified: Mon, 08 Aug 2016 14:56:02 GMT
ETag: ""92-539909d687e4c""
Accept-Ranges: bytes
Content-Length: 146
Vary: Accept-Encoding
Content-Type: text/html

",tcp,Apache httpd,javax.mty.itesm.mx,http,"131.178.5.15
,
",80
"HTTP/1.1 200 OK
Date: Wed, 06 Dec 2017 15:34:54 GMT
Server: Apache/2.4.12 (Win32) OpenSSL/1.0.1m PHP/5.5.27
X-Powered-By: PHP/5.5.27
Set-Cookie: PHPSESSID=tmdb65f95pqvj2j8cmdnb92167; path=/
Expires: Thu, 19 Nov 1981 08:52:00 GMT
Cache-Control: no-store, no-cache, must-revalidate, post-check=0, pre-check=0
Pragma: no-cache
Vary: Accept-Encoding
Transfer-Encoding: chunked
Content-Type: text/html

",tcp,Apache httpd,davem.cegs.itesm.mx,http,"131.178.5.154
,
,Web Technologies
",80
"Remote Desktop Protocol
\x03\x00\x00\x0b\x06\xd0\x00\x00\x124\x00,Certificate:
    Data:
        Version: 3 (0x2)
        Serial Number:
            75:0e:2b:98:de:48:b3:99:43:8c:88:07:d0:18:e4:97
    Signature Algorithm: sha1WithRSAEncryption
        Issuer: CN=DAVEM.svcs.itesm.mx
        Validity
            Not Before: Sep 22 03:08:16 2017 GMT
            Not After : Mar 24 03:08:16 2018 GMT
        Subject: CN=DAVEM.svcs.itesm.mx
        Subject Public Key Info:
            Public Key Algorithm: rsaEncryption
                Public-Key: (2048 bit)
                Modulus:
                    00:ef:17:53:22:25:cd:a7:de:07:b1:ef:b7:bb:fc:
                    05:a7:7a:9d:6c:a7:ab:43:36:05:b5:cc:67:84:97:
                    69:2b:c6:42:83:fe:53:58:13:b8:83:70:7f:b9:f4:
                    22:a7:ae:04:a4:e9:4a:15:39:e6:f8:61:5b:8b:e4:
                    a2:75:45:78:8c:fe:3f:85:35:90:db:53:f8:54:c5:
                    b4:9b:b3:30:e5:2e:39:b8:6f:d2:88:68:8a:61:1f:
                    3d:fd:e6:8a:57:cc:a2:b9:61:6e:0a:d2:5f:86:b3:
                    c1:d8:83:c5:b0:29:52:b7:46:3f:8e:e7:c1:4f:31:
                    46:53:7e:a7:6c:c6:0d:6a:fe:bb:3b:49:be:30:df:
                    b1:c7:e8:1d:0f:c0:70:b2:12:54:4b:7d:ea:a9:7f:
                    71:99:c1:b2:87:7d:7f:24:86:1e:26:16:2d:91:f9:
                    cb:5d:a3:48:20:a9:fa:54:42:5e:cd:6c:4f:d6:8d:
                    c8:2a:dd:79:fb:f8:a8:6c:16:0f:f6:0f:fa:00:ea:
                    63:f3:f3:9e:16:ff:af:97:f4:66:1e:bd:36:04:8d:
                    20:e0:b9:f1:89:cd:b5:67:a2:42:9a:f1:08:0c:e8:
                    7e:e0:4c:d5:d7:04:b2:85:26:aa:fb:25:f5:7d:3c:
                    8e:ce:4f:1e:ee:c1:6f:7b:a4:bf:ed:22:fb:45:36:
                    36:81
                Exponent: 65537 (0x10001)
        X509v3 extensions:
            X509v3 Extended Key Usage: 
                TLS Web Server Authentication
            X509v3 Key Usage: 
                Key Encipherment, Data Encipherment
    Signature Algorithm: sha1WithRSAEncryption
         2f:ae:83:9e:b9:68:ce:ad:90:79:c1:37:1e:dd:25:bd:09:76:
         1c:cd:27:f5:52:fe:93:c2:48:40:83:14:81:a9:bd:2a:bc:4b:
         d2:7a:a6:f4:df:6f:e6:ac:00:8f:27:d9:53:7b:9e:c8:5d:02:
         8b:6a:70:e8:48:81:f3:67:98:42:ec:48:1a:a4:d0:7c:68:f1:
         19:b8:08:b6:df:c8:8f:8a:8a:1f:24:7a:be:77:6e:cb:1e:39:
         1f:de:83:71:e7:74:11:b9:6f:f7:03:9b:71:1d:86:92:7f:45:
         e4:32:28:3f:a8:db:9e:2e:cd:6e:3e:1a:74:6f:6f:da:ed:73:
         6b:44:26:10:e1:dc:2d:f4:31:7f:91:51:33:29:27:f9:d6:7e:
         54:a9:84:8c:f4:eb:5d:81:35:10:30:61:75:85:64:54:c9:86:
         34:3c:af:93:48:58:dc:5e:3b:00:06:83:44:71:af:54:2c:87:
         b8:aa:70:76:23:e5:06:71:09:da:a9:1a:77:51:56:99:9c:d4:
         09:d8:c9:59:2b:60:6d:50:b8:60:6c:1b:9e:8b:75:9f:86:83:
         73:ec:3c:0e:e8:d2:9d:f2:b3:44:db:23:e6:dd:0c:7f:ed:0f:
         fe:31:41:db:6d:62:9f:72:5a:ed:8c:44:a5:ac:dc:18:09:1d:
         4b:2d:09:f8
",tcp,,davem.cegs.itesm.mx,rdp,"131.178.5.154
,
,Web Technologies
",3389
"HTTP/1.1 401 Unauthorized
Content-Length: 51
Content-Type: text/plain
Server: Microsoft-IIS/6.0
WWW-Authenticate: Negotiate
WWW-Authenticate: NTLM
X-Powered-By: ASP.NET
Date: Wed, 06 Dec 2017 21:07:03 GMT

",tcp,Microsoft IIS httpd,itesm.mtycrm.mty.itesm.mx,http,"131.178.32.18
,
",80
"HTTP/1.1 200 OK
Server: Microsoft-IIS/5.1
X-Powered-By: ASP.NET
Content-Location: http://131.178.6.6/index.htm
Date: Wed, 06 Dec 2017 22:36:25 GMT
Content-Type: text/html
Accept-Ranges: bytes
Last-Modified: Tue, 18 Aug 2015 16:38:25 GMT
ETag: ""e29b904dd4d9d01:ac5""
Content-Length: 8232

",tcp,Microsoft IIS httpd,ibm-gbs.mty.itesm.mx,http,"131.178.6.6
,
",80
"HTTP/1.1 200 OK
Server: nginx/1.10.3 (Ubuntu)
Date: Wed, 29 Nov 2017 17:41:09 GMT
Content-Type: text/html; charset=UTF-8
Content-Length: 2623
Connection: keep-alive
X-Powered-By: Express
Access-Control-Allow-Origin: *
Accept-Ranges: bytes
ETag: W/""a3f-wj8HclXwBYbd6hGH+8UMb7MmJ0M""

",tcp,nginx,AS6342,http,"131.178.32.110
,Web Technologies
",80
"220 Servidor de Becas
530 Login or password incorrect!
214-The following commands are recognized:
   USER   PASS   QUIT   CWD    PWD    PORT   PASV   TYPE
   LIST   REST   CDUP   RETR   STOR   SIZE   DELE   RMD 
   MKD    RNFR   RNTO   ABOR   SYST   NOOP   APPE   NLST
   MDTM   XPWD   XCUP   XMKD   XRMD   NOP    EPSV   EPRT
   AUTH   ADAT   PBSZ   PROT   FEAT   MODE   OPTS   HELP
   ALLO   MLST   MLSD   SITE   ,   STRU   CLNT   MFMT
214 Have a nice day.
211-Features:
 MDTM
 REST STREAM
 SIZE
 MLST type*;size*;modify*;
 MLSD
 AUTH SSL
 AUTH TLS
 UTF8
 CLNT
 MFMT
211 End",tcp,,AS6342,ftp,"131.178.5.17
",21
"HTTP/1.1 400 Bad Request
Content-Type: text/html
Date: Thu, 23 Nov 2017 23:10:08 GMT
Connection: close
Content-Length: 39

",tcp,,AS6342,http,"131.178.5.17
",80
"Remote Desktop Protocol
\x03\x00\x00\x0b\x06\xd0\x00\x00\x124\x00",tcp,,AS6342,rdp,"131.178.5.17
",3389
"220 (vsFTPd 2.2.2)
230 Login successful.
214-The following commands are recognized.
 ABOR ACCT ALLO APPE CDUP CWD  DELE EPRT EPSV FEAT HELP LIST MDTM MKD
 MODE NLST NOOP OPTS PASS PASV PORT PWD  QUIT REIN REST RETR RMD  RNFR
 RNTO SITE SIZE SMNT STAT STOR STOU STRU SYST TYPE USER XCUP XCWD XMKD
 XPWD XRMD
214 Help OK.
211-Features:
 EPRT
 EPSV
 MDTM
 PASV
 REST STREAM
 SIZE
 TVFS
 UTF8
211 End",tcp,,www.selper.info,ftp,"131.178.5.47
,
",21
"SSH-2.0-OpenSSH_5.2
Key type: ssh-rsa
Key: AAAAB3NzaC1yc2EAAAABIwAAAQEAtzbMg5sRphSwRp/n7DhtPloyN8CezXHCTyalz6lMHZOdC118
c3kQynl20mILRFfi7pwdAeNAEki+2Iiw+8K7sdT5ZAFmDZ7UbwqnPNSe9PbGJ1SW57fhAF7wC9cD
+qM+I2p0fMUHu6IshhPg0js57LbD2jwJQt6H9JSItuiRJHRqDunCYy5lWhVWtiAawep4XEjj2la3
D7MWbQIkEvnqSYFA+sjYtMOBBVR/ewegePTkPgox1LvVxArPwy/Wy0YF/qVCA5ibrDUELUVJnxAR
dV/lx4+IfMHx3o7yz2taE0otfl1rWHhtS6H8OfchlXuIV3CY7zhiIrlOwwfCi/QMAQ==
Fingerprint: 35:84:5d:68:60:fa:47:ef:b7:d0:db:38:28:59:68:3f

Kex Algorithms:
	diffie-hellman-group-exchange-sha256
	diffie-hellman-group-exchange-sha1
	diffie-hellman-group14-sha1
	diffie-hellman-group1-sha1

Server Host Key Algorithms:
	ssh-rsa
	ssh-dss

Encryption Algorithms:
	aes128-ctr
	aes192-ctr
	aes256-ctr
	arcfour256
	arcfour128
	aes128-cbc
	3des-cbc
	blowfish-cbc
	cast128-cbc
	aes192-cbc
	aes256-cbc
	arcfour
	,

MAC Algorithms:
	hmac-md5
	hmac-sha1
	,
	hmac-ripemd160
	,
	hmac-sha1-96
	hmac-md5-96

Compression Algorithms:
	none
	,

",tcp,OpenSSH,www.selper.info,ssh,"131.178.5.47
,
",22
"HTTP/1.1 200 OK
Date: Mon, 27 Nov 2017 02:54:54 GMT
Server: Apache/2.2.15 (Fedora)
Last-Modified: Fri, 15 Jun 2012 13:31:45 GMT
ETag: ""c0675-70e-4c282d6601240""
Accept-Ranges: bytes
Content-Length: 1806
Connection: close
Content-Type: text/html; charset=UTF-8

",tcp,Apache httpd,www.selper.info,http,"131.178.5.47
,
",80
"HTTP/1.1 403 Forbidden
Date: Sat, 25 Nov 2017 06:36:06 GMT
Server: Apache/2.2.15 (Fedora)
Accept-Ranges: bytes
Content-Length: 4609
Connection: close
Content-Type: text/html; charset=UTF-8

,Certificate:
    Data:
        Version: 3 (0x2)
        Serial Number: 7725 (0x1e2d)
    Signature Algorithm: sha1WithRSAEncryption
        Issuer: C=--, ST=SomeState, L=SomeCity, O=SomeOrganization, OU=SomeOrganizationalUnit, CN=localhost.localdomain/,
        Validity
            Not Before: Jan 22 21:23:07 2010 GMT
            Not After : Jan 22 21:23:07 2011 GMT
        Subject: C=--, ST=SomeState, L=SomeCity, O=SomeOrganization, OU=SomeOrganizationalUnit, CN=localhost.localdomain/,
        Subject Public Key Info:
            Public Key Algorithm: rsaEncryption
                Public-Key: (1024 bit)
                Modulus:
                    00:c7:06:ad:27:af:3b:a4:f9:f6:1b:7f:eb:ef:63:
                    d1:11:74:10:ad:e7:22:c9:c5:c5:20:f1:05:00:49:
                    77:4e:32:40:5b:41:16:b4:47:b6:fe:95:5d:ed:21:
                    58:c3:b1:52:22:11:aa:7f:d3:18:b2:4d:d7:7a:0f:
                    e8:9c:88:bf:a0:ad:60:aa:c6:17:33:7f:c6:18:22:
                    0b:58:d0:64:b7:69:0e:d4:fb:b5:19:89:18:7b:93:
                    c4:7e:53:0d:1b:19:f8:97:43:35:f3:6c:af:5e:9d:
                    a7:b5:b0:a9:76:f5:65:4d:f9:30:eb:90:d2:5f:6a:
                    38:c9:6b:3e:61:47:d8:91:77
                Exponent: 65537 (0x10001)
        X509v3 extensions:
            X509v3 Subject Key Identifier: 
                A3:93:3F:B2:A5:FA:26:F1:E4:EF:5E:14:7D:71:B6:82:38:DE:D9:A8
            X509v3 Authority Key Identifier: 
                keyid:A3:93:3F:B2:A5:FA:26:F1:E4:EF:5E:14:7D:71:B6:82:38:DE:D9:A8

            X509v3 Basic Constraints: 
                CA:TRUE
    Signature Algorithm: sha1WithRSAEncryption
         06:4a:5b:50:34:49:31:61:a7:99:b4:2a:cf:ec:6f:55:5a:12:
         c0:fc:cf:6b:00:90:bc:70:c6:29:47:e5:6d:1c:65:b4:13:35:
         2e:15:90:4b:90:20:05:53:d5:ce:c6:15:fd:4f:54:be:d4:58:
         0b:da:09:4f:3e:b2:72:17:ec:8b:d9:a0:01:5f:a9:fd:8a:f9:
         5e:ce:7c:b6:2a:a8:26:c9:21:52:3c:01:83:09:94:92:3d:97:
         d9:b8:84:4c:bf:66:e4:c8:47:5f:19:8c:f8:26:65:15:80:54:
         b3:99:0b:b1:a5:4c:2f:d8:a8:02:0d:9c:59:0b:ff:f2:4b:71:
         20:9e
",tcp,Apache httpd,www.selper.info,https,"131.178.5.47
,
",443
"HTTP/1.1 200 OK
Content-Length: 1433
Content-Type: text/html
Content-Location: http://131.178.32.49/iisstart.htm
Last-Modified: Fri, 21 Feb 2003 23:48:30 GMT
Accept-Ranges: bytes
ETag: ""09b60bc3dac21:17f3""
Server: Microsoft-IIS/6.0
X-Powered-By: ASP.NET
Date: Wed, 29 Nov 2017 23:35:39 GMT

",tcp,Microsoft IIS httpd,mty114.mty.itesm.mx,http,"131.178.32.49
,
",80
"HTTP/1.1 200 OK
Content-Type: text/html
Date: Sun, 19 Nov 2017 20:20:15 GMT
Expires: Thu, 01 Jan 1970 01:00:00 GMT
Cache-Control: no-cache
Content-Language: en
Content-Length: 448
Server: DCS-6620
Connection: close

",tcp,D-Link DCS-6620 webcam http config,AS6342,http,"131.178.6.11
",80
"HTTP/1.1 200 OK
Content-Type: text/html
Last-Modified: Fri, 30 Jan 2004 19:30:44 GMT
Accept-Ranges: bytes
ETag: ""08a9c8d67e7c31:0""
Server: Microsoft-IIS/10.0
X-Powered-By: ASP.NET
Date: Fri, 01 Dec 2017 16:43:34 GMT
Content-Length: 201

",tcp,Microsoft IIS httpd,AS6342,http,"131.178.32.58
",80
"HTTP/1.1 200 OK
Date: Fri, 01 Dec 2017 23:56:03 GMT
Server: Apache/2.4.18 (Win64) OpenSSL/1.0.2e PHP/5.6.17
X-Powered-By: PHP/5.6.17
Content-Length: 482
Content-Type: text/html; charset=UTF-8

",tcp,Apache httpd,AS6342,http,"131.178.5.161
,Web Technologies
",80
"HTTP/1.1 200 OK
Date: Tue, 05 Dec 2017 15:06:35 GMT
Server: Apache/2.4.18 (Win64) OpenSSL/1.0.2e PHP/5.6.17
X-Powered-By: PHP/5.6.17
Content-Length: 4285
Content-Type: text/html; charset=UTF-8

,Certificate:
    Data:
        Version: 3 (0x2)
        Serial Number:
            06:9b:44:99:35:12:aa:f5:1c:cc:9c:39:ad:90:d0:1f
    Signature Algorithm: sha256WithRSAEncryption
        Issuer: C=US, O=DigiCert Inc, OU=www.digicert.com, CN=DigiCert SHA2 High Assurance Server CA
        Validity
            Not Before: Nov  8 00:00:00 2017 GMT
            Not After : Jan 10 12:00:00 2019 GMT
        Subject: C=MX, L=Monterrey, O=Instituto Tecnologico y de Estudios Superiores de Monterrey, OU=TI, CN=*.mty.itesm.mx
        Subject Public Key Info:
            Public Key Algorithm: rsaEncryption
                Public-Key: (2048 bit)
                Modulus:
                    00:93:87:57:1e:de:5b:15:31:a8:26:18:b7:08:27:
                    8e:8c:7c:ef:d0:e1:b8:a6:71:70:b4:f7:6e:ab:36:
                    43:c4:a1:14:7d:72:fb:bb:86:17:72:ff:b7:17:7a:
                    d5:8a:fc:5e:45:7e:bd:60:3c:d9:fc:42:8e:30:f2:
                    3a:c4:5c:db:33:0e:47:b2:26:d4:54:31:8b:d5:90:
                    a2:28:a9:13:1d:1d:da:3b:17:bb:67:01:53:35:67:
                    61:51:76:dc:a8:3d:15:43:4a:7a:e5:78:b6:28:05:
                    61:86:af:80:af:c9:eb:8b:d5:ba:96:1d:c4:95:2a:
                    cf:88:60:87:8f:bd:33:b3:e3:0d:4f:34:de:7f:a3:
                    d4:b1:61:c2:de:05:40:44:71:b3:9f:63:78:38:1c:
                    0a:5d:43:1b:54:31:c8:59:7e:77:1d:70:59:8f:68:
                    0f:48:47:7a:4e:1f:a2:72:eb:32:60:38:ab:64:d6:
                    05:fc:b0:77:c2:ad:92:1b:b2:60:2a:d3:ce:dd:1d:
                    01:b8:d1:0b:e0:c5:ee:b6:e5:e2:1a:18:1e:ed:b4:
                    97:c0:17:75:97:38:f6:a6:94:6c:70:e0:5b:89:a4:
                    48:67:0c:cc:bb:a4:07:96:c3:ab:00:b3:c6:13:04:
                    02:98:3c:e3:f4:47:91:03:d3:0d:b9:b1:c7:4e:fa:
                    1f:f3
                Exponent: 65537 (0x10001)
        X509v3 extensions:
            X509v3 Authority Key Identifier: 
                keyid:51:68:FF:90:AF:02:07:75:3C:CC:D9:65:64:62:A2:12:B8:59:72:3B

            X509v3 Subject Key Identifier: 
                AB:21:74:52:AB:18:63:5F:A0:BC:1F:36:09:BE:05:BC:8C:1D:F3:CD
            X509v3 Subject Alternative Name: 
                DNS:*.mty.itesm.mx, DNS:mty.itesm.mx
            X509v3 Key Usage: critical
                Digital Signature, Key Encipherment
            X509v3 Extended Key Usage: 
                TLS Web Server Authentication, TLS Web Client Authentication
            X509v3 CRL Distribution Points: 

                Full Name:
                  URI:http://crl3.digicert.com/sha2-ha-server-g6.crl

                Full Name:
                  URI:http://crl4.digicert.com/sha2-ha-server-g6.crl

            X509v3 Certificate Policies: 
                Policy: 2.16.840.1.114412.1.1
                  CPS: https://www.digicert.com/CPS
                Policy: 2.23.140.1.2.2

            Authority Information Access: 
                OCSP - URI:http://ocsp.digicert.com
                CA Issuers - URI:http://cacerts.digicert.com/DigiCertSHA2HighAssuranceServerCA.crt

            X509v3 Basic Constraints: critical
                CA:FALSE
    Signature Algorithm: sha256WithRSAEncryption
         80:a5:43:7e:c4:b4:0d:ac:fb:c3:6e:2f:be:fd:99:e2:f6:ea:
         25:0d:83:6b:45:c5:a0:e3:17:93:c9:83:c6:96:a4:52:12:4c:
         d2:c6:cc:34:36:13:9f:f8:13:42:d6:d8:f0:b5:7f:8f:4d:38:
         93:f6:3d:6a:93:73:7d:42:94:47:c5:ad:c6:ac:d8:2d:35:df:
         0c:38:b0:f0:65:11:74:b8:84:c4:55:a4:e7:b7:81:67:60:7d:
         58:54:57:f4:7b:21:d8:43:95:03:f9:7e:d3:ac:e6:b5:10:a5:
         d5:06:ce:3a:00:70:21:8c:9b:37:d1:10:cb:c7:a9:d6:b0:01:
         7b:28:66:91:b1:91:b5:21:9b:a0:fe:d4:9e:e3:96:2a:e4:17:
         40:a3:e2:88:d5:df:ce:85:20:88:43:6c:55:5c:6f:21:df:6a:
         df:58:ac:ea:99:ac:91:02:18:8b:4b:ee:d2:9d:db:34:8d:04:
         fb:18:9f:c9:24:32:16:23:9b:ee:1d:f4:29:f3:3e:7a:30:27:
         81:6f:16:71:66:6a:97:02:a9:34:b1:22:4c:c3:81:fd:3d:2a:
         0f:cb:69:40:9b:32:18:7b:00:88:e6:1d:01:eb:ba:52:ca:d5:
         be:a5:81:f8:a7:3d:b9:c0:96:9a:e4:38:dc:b3:cc:45:c7:38:
         ae:2a:90:c4
",tcp,Apache httpd,AS6342,https,"131.178.5.161
,Web Technologies
",443
5.7.10-log,tcp,MySQL,AS6342,mysql,"131.178.5.161
,Web Technologies
",3306
"HTTP/1.1 200 OK
Content-Type: text/html
Date: Sun, 15 Jun 2003 19:51:36 GMT
Expires: Thu, 01 Jan 1970 01:00:00 GMT
Cache-Control: no-cache
Content-Language: en
Content-Length: 446
Server: DCS-6620G
Connection: close

",tcp,D-Link DCS-6620G webcam http config,labvirtual3.mty.itesm.mx,http,"131.178.6.9
,
",80
"HTTP/1.1 200 OK
Content-Type: text/html
Date: Sun, 09 Nov 2017 09:40:57 GMT
Expires: Thu, 01 Jan 1970 01:00:00 GMT
Cache-Control: no-cache
Content-Language: en
Content-Length: 449
Server: DCS-6620
Connection: close

",tcp,D-Link DCS-6620 webcam http config,virtuallab.mty.itesm.mx,http,"131.178.6.24
,
",80
"HTTP/1.1 200 OK
Content-Length: 184
Content-Type: text/html
Content-Location: http://131.178.5.51/Default.htm
Last-Modified: Tue, 11 Jan 2005 15:27:32 GMT
Accept-Ranges: bytes
ETag: ""a075b111f2f7c41:110e0""
Server: Microsoft-IIS/6.0
X-Powered-By: ASP.NET
Date: Tue, 21 Nov 2017 14:20:45 GMT

",tcp,Microsoft IIS httpd,cty.mty.itesm.mx,http,"131.178.5.51
,
",80
"Remote Desktop Protocol
\x03\x00\x00\x0b\x06\xd0\x00\x00\x124\x00",tcp,,cty.mty.itesm.mx,rdp,"131.178.5.51
,
",3389
"220 Service ready for new user.
230 User logged in, proceed.
214- The following commands are recognized (* =>'s unimplemented).
  USER    QUIT    MODE    REST*   CWD     SYST    XMKD    CDUP*
  PASS    PORT    RETR    RNFR    XCWD    STAT    RMD     XCUP*
  ACCT*   PASV    STOR    RNTO    LIST    HELP    XRMD    STOU*
  SMNT*   TYPE    APPE*   ABOR    NLST    NOOP    PWD     SIZE*
  REIN    STRU    ALLO*   DELE    SITE*   MKD     XPWD    EPRT 
  EPSV 
214 End of help
500 Syntax error, command unrecognized.",tcp,oftpd,AS6342,ftp,"131.178.12.50
",21
"Welcome to PACE LAB MTY
TANDBERG Codec Release F4.0 NTSC
SW Release Date: 2005-12-28
OK

",tcp,,AS6342,telnet,"131.178.12.50
",23
"HTTP/1.1 200 OK
Connection: Keep-Alive
Cache-Control: no-cache
Content-Type: text/html
Content-Length: 661

",tcp,,AS6342,http,"131.178.12.50
",80
